{
  "Wildfire": {
    "3456_10_13_train": {
      "qmix_ns": {
        "qmix_ns_10_13_fire_adjacent_obs_10": {
          "STEP_1": {
            "_step": 2.0,
            "mean_norm_return": -2.883987603305785,
            "win_rate": 0.2148760330578512,
            "eval/mean_ep_length": 25.0
          },
          "STEP_2": {
            "_step": 6.0,
            "mean_norm_return": -2.4145402892561982,
            "win_rate": 0.2148760330578512,
            "eval/mean_ep_length": 25.0
          },
          "STEP_3": {
            "_step": 10.0,
            "mean_norm_return": -1.8873192148760327,
            "win_rate": 0.30578512396694213,
            "eval/mean_ep_length": 25.0
          },
          "STEP_4": {
            "_step": 14.0,
            "mean_norm_return": -1.993078512396694,
            "win_rate": 0.2892561983471075,
            "eval/mean_ep_length": 25.0
          },
          "STEP_5": {
            "_step": 18.0,
            "mean_norm_return": -1.5721849173553717,
            "win_rate": 0.3223140495867769,
            "eval/mean_ep_length": 25.0
          },
          "STEP_6": {
            "_step": 22.0,
            "mean_norm_return": -1.3540547520661157,
            "win_rate": 0.371900826446281,
            "eval/mean_ep_length": 25.0
          },
          "STEP_7": {
            "_step": 26.0,
            "mean_norm_return": -2.668698347107438,
            "win_rate": 0.1322314049586777,
            "eval/mean_ep_length": 25.0
          },
          "STEP_8": {
            "_step": 30.0,
            "mean_norm_return": -2.4286673553719007,
            "win_rate": 0.15702479338842978,
            "eval/mean_ep_length": 25.0
          },
          "STEP_9": {
            "_step": 34.0,
            "mean_norm_return": -2.624948347107438,
            "win_rate": 0.17355371900826444,
            "eval/mean_ep_length": 25.0
          },
          "STEP_10": {
            "_step": 38.0,
            "mean_norm_return": -1.6095299586776861,
            "win_rate": 0.3553719008264463,
            "eval/mean_ep_length": 25.0
          }
        }
      },
      "vdn_ns": {
        "vdn_ns_10_13_fire_adjacent_obs_10": {
          "STEP_1": {
            "_step": 2.0,
            "mean_norm_return": -3.3569473140495862,
            "win_rate": 0.19834710743801653,
            "eval/mean_ep_length": 25.0
          },
          "STEP_2": {
            "_step": 6.0,
            "mean_norm_return": -2.6879648760330577,
            "win_rate": 0.1652892561983471,
            "eval/mean_ep_length": 25.0
          },
          "STEP_3": {
            "_step": 10.0,
            "mean_norm_return": -2.0141528925619836,
            "win_rate": 0.2148760330578512,
            "eval/mean_ep_length": 25.0
          },
          "STEP_4": {
            "_step": 14.0,
            "mean_norm_return": -1.9905475206611571,
            "win_rate": 0.33884297520661155,
            "eval/mean_ep_length": 25.0
          },
          "STEP_5": {
            "_step": 18.0,
            "mean_norm_return": 0.06105371900826462,
            "win_rate": 0.47933884297520657,
            "eval/mean_ep_length": 23.0
          },
          "STEP_6": {
            "_step": 22.0,
            "mean_norm_return": -2.289127066115702,
            "win_rate": 0.14876033057851235,
            "eval/mean_ep_length": 25.0
          },
          "STEP_7": {
            "_step": 26.0,
            "mean_norm_return": -2.325542355371901,
            "win_rate": 0.1652892561983471,
            "eval/mean_ep_length": 25.0
          },
          "STEP_8": {
            "_step": 30.0,
            "mean_norm_return": 1.3866735537190085,
            "win_rate": 0.7851239669421488,
            "eval/mean_ep_length": 20.0
          },
          "STEP_9": {
            "_step": 34.0,
            "mean_norm_return": -2.1612861570247928,
            "win_rate": 0.25619834710743805,
            "eval/mean_ep_length": 25.0
          },
          "STEP_10": {
            "_step": 38.0,
            "mean_norm_return": -2.8740702479338847,
            "win_rate": 0.12396694214876036,
            "eval/mean_ep_length": 25.0
          }
        },
        "vdn_ns_10_13_fire_adjacent_obs_13": {
          "STEP_1": {
            "_step": 2.0,
            "mean_norm_return": -1.296745867768595,
            "win_rate": 0.5123966942148761,
            "eval/mean_ep_length": 25.0
          },
          "STEP_2": {
            "_step": 6.0,
            "mean_norm_return": -1.4099948347107438,
            "win_rate": 0.4132231404958677,
            "eval/mean_ep_length": 25.0
          },
          "STEP_3": {
            "_step": 10.0,
            "mean_norm_return": -1.3218491735537188,
            "win_rate": 0.30578512396694213,
            "eval/mean_ep_length": 25.0
          },
          "STEP_4": {
            "_step": 14.0,
            "mean_norm_return": -2.198217975206612,
            "win_rate": 0.19834710743801653,
            "eval/mean_ep_length": 25.0
          },
          "STEP_5": {
            "_step": 18.0,
            "mean_norm_return": -1.7387138429752067,
            "win_rate": 0.2727272727272727,
            "eval/mean_ep_length": 25.0
          },
          "STEP_6": {
            "_step": 22.0,
            "mean_norm_return": -2.06849173553719,
            "win_rate": 0.23140495867768596,
            "eval/mean_ep_length": 25.0
          },
          "STEP_7": {
            "_step": 26.0,
            "mean_norm_return": -0.04137396694214879,
            "win_rate": 0.6363636363636364,
            "eval/mean_ep_length": 25.0
          },
          "STEP_8": {
            "_step": 30.0,
            "mean_norm_return": -1.9737086776859503,
            "win_rate": 0.30578512396694213,
            "eval/mean_ep_length": 25.0
          },
          "STEP_9": {
            "_step": 34.0,
            "mean_norm_return": -2.374328512396694,
            "win_rate": 0.1652892561983471,
            "eval/mean_ep_length": 25.0
          },
          "STEP_10": {
            "_step": 38.0,
            "mean_norm_return": -1.947055785123967,
            "win_rate": 0.28099173553719003,
            "eval/mean_ep_length": 25.0
          }
        }
      },
      "iql_ns": {
        "iql_ns_10_13_fire_adjacent_obs_10": {
          "STEP_1": {
            "_step": 2.0,
            "mean_norm_return": -1.296745867768595,
            "win_rate": 0.5123966942148761,
            "eval/mean_ep_length": 25.0
          },
          "STEP_2": {
            "_step": 6.0,
            "mean_norm_return": -1.6617252066115702,
            "win_rate": 0.39669421487603307,
            "eval/mean_ep_length": 25.0
          }
        },
        "iql_ns_10_13_fire_adjacent_obs_13": {
          "STEP_1": {
            "_step": 2.0,
            "mean_norm_return": -1.1928202479338843,
            "win_rate": 0.2892561983471075,
            "eval/mean_ep_length": 25.0
          }
        }
      },
      "iql": {
        "iql_10_13_fire_adjacent_obs_13": {
          "STEP_1": {
            "_step": 2.0,
            "mean_norm_return": -1.296745867768595,
            "win_rate": 0.5123966942148761,
            "eval/mean_ep_length": 25.0
          },
          "STEP_2": {
            "_step": 6.0,
            "mean_norm_return": -2.403047520661157,
            "win_rate": 0.22314049586776863,
            "eval/mean_ep_length": 25.0
          },
          "STEP_3": {
            "_step": 10.0,
            "mean_norm_return": -2.2461776859504132,
            "win_rate": 0.28099173553719003,
            "eval/mean_ep_length": 25.0
          },
          "STEP_4": {
            "_step": 14.0,
            "mean_norm_return": -1.9099173553719004,
            "win_rate": 0.23140495867768596,
            "eval/mean_ep_length": 25.0
          },
          "STEP_5": {
            "_step": 18.0,
            "mean_norm_return": -2.045015495867769,
            "win_rate": 0.18181818181818177,