{
  "Wildfire": {
    "8007_10_13_test": {
      "vdn_ns": {
        "vdn_ns_10_13_fire_adjacent_obs_6": {
          "STEP_1": {
            "mean_norm_return": -2.5654700413223144,
            "win_rate": 0.14049586776859502,
            "eval/mean_ep_length": 25.0
          }
        },
        "vdn_ns_10_13_fire_adjacent_obs_10": {
          "STEP_1": {
            "mean_norm_return": -2.5654700413223144,
            "win_rate": 0.14049586776859502,
            "eval/mean_ep_length": 25.0
          }
        },
        "vdn_ns_10_13_fire_adjacent_obs_13": {
          "STEP_1": {
            "mean_norm_return": -2.5654700413223144,
            "win_rate": 0.14049586776859502,
            "eval/mean_ep_length": 25.0
          }
        }
      },
      "iql_ns": {
        "iql_ns_10_13_fire_adjacent_obs_6": {
          "STEP_1": {
            "mean_norm_return": -2.302479338842975,
            "win_rate": 0.14876033057851235,
            "eval/mean_ep_length": 25.0
          }
        },
        "iql_ns_10_13_fire_adjacent_obs_10": {
          "STEP_1": {
            "mean_norm_return": -2.302479338842975,
            "win_rate": 0.14876033057851235,
            "eval/mean_ep_length": 25.0
          }
        },
        "iql_ns_10_13_fire_adjacent_obs_13": {
          "STEP_1": {
            "mean_norm_return": -2.302479338842975,
            "win_rate": 0.14876033057851235,
            "eval/mean_ep_length": 25.0
          }
        }
      },
      "iql": {
        "iql_10_13_fire_adjacent_obs_6": {
          "STEP_1": {
            "mean_norm_return": 0.9304752066115702,
            "win_rate": 0.6446280991735538,
            "eval/mean_ep_length": 10.0
          }
        },
        "iql_10_13_fire_adjacent_obs_10": {
          "STEP_1": {
            "mean_norm_return": 0.9304752066115702,
            "win_rate": 0.6446280991735538,
            "eval/mean_ep_length": 10.0
          }
        },
        "iql_10_13_fire_adjacent_obs_13": {
          "STEP_1": {
            "mean_norm_return": 0.9304752066115702,
            "win_rate": 0.6446280991735538,
            "eval/mean_ep_length": 10.0
          }
        }
      },
      "vdn": {
        "vdn_10_13_fire_adjacent_obs_6": {
          "STEP_1": {
            "mean_norm_return": -1.312448347107438,
            "win_rate": 0.3223140495867769,
            "eval/mean_ep_length": 25.0
          }
        },
        "vdn_10_13_fire_adjacent_obs_10": {
          "STEP_1": {
            "mean_norm_return": -1.312448347107438,
            "win_rate": 0.3223140495867769,
            "eval/mean_ep_length": 25.0
          }
        },
        "vdn_10_13_fire_adjacent_obs_13": {
          "STEP_1": {
            "mean_norm_return": -1.312448347107438,
            "win_rate": 0.3223140495867769,
            "eval/mean_ep_length": 25.0
          }
        }
      },
      "qmix": {
        "qmix_10_13_fire_adjacent_obs_6": {
          "STEP_1": {
            "mean_norm_return": -2.7738119834710746,
            "win_rate": 0.14876033057851235,
            "eval/mean_ep_length": 25.0
          }
        },
        "qmix_10_13_fire_adjacent_obs_10": {
          "STEP_1": {
            "mean_norm_return": -2.7738119834710746,
            "win_rate": 0.14876033057851235,
            "eval/mean_ep_length": 25.0
          }
        },
        "qmix_10_13_fire_adjacent_obs_13": {
          "STEP_1": {
            "mean_norm_return": -2.7738119834710746,
            "win_rate": 0.14876033057851235,
            "eval/mean_ep_length": 25.0
          }
        }
      },
      "qmix_ns": {
        "qmix_ns_10_13_fire_adjacent_obs_6": {
          "STEP_1": {
            "mean_norm_return": -2.478693181818182,
            "win_rate": 0.11570247933884292,
            "eval/mean_ep_length": 25.0
          }
        },
        "qmix_ns_10_13_fire_adjacent_obs_10": {
          "STEP_1": {
            "mean_norm_return": -2.478693181818182,
            "win_rate": 0.11570247933884292,
            "eval/mean_ep_length": 25.0
          }
        },
        "qmix_ns_10_13_fire_adjacent_obs_13": {
          "STEP_1": {
            "mean_norm_return": -2.478693181818182,
            "win_rate": 0.11570247933884292,
            "eval/mean_ep_length": 25.0
          }
        }
      }
    },
    "2004_10_13_test": {
      "vdn_ns": {
        "vdn_ns_10_13_fire_adjacent_obs_6": {
          "STEP_1": {
            "mean_norm_return": -1.418646694214876,
            "win_rate": 0.371900826446281,
            "eval/mean_ep_length": 25.0
          }
        },
        "vdn_ns_10_13_fire_adjacent_obs_10": {
          "STEP_1": {
            "mean_norm_return": -1.418646694214876,
            "win_rate": 0.371900826446281,
            "eval/mean_ep_length": 25.0
          }
        },
        "vdn_ns_10_13_fire_adjacent_obs_13": {
          "STEP_1": {
            "mean_norm_return": -1.418646694214876,
            "win_rate": 0.371900826446281,
            "eval/mean_ep_length": 25.0
          }
        }
      },
      "iql_ns": {
        "iql_ns_10_13_fire_adjacent_obs_6": {
          "STEP_1": {
            "mean_norm_return": -1.0044938016528924,
            "win_rate": 0.39669421487603307,
            "eval/mean_ep_length": 25.0
          }
        },
        "iql_ns_10_13_fire_adjacent_obs_10": {
          "STEP_1": {
            "mean_norm_return": -1.0044938016528924,
            "win_rate": 0.39669421487603307,
            "eval/mean_ep_length": 25.0
          }
        },
        "iql_ns_10_13_fire_adjacent_obs_13": {
          "STEP_1": {
            "mean_norm_return": -1.0044938016528924,
            "win_rate": 0.39669421487603307,
            "eval/mean_ep_length": 25.0
          }
        }
      },
      "iql": {
        "iql_10_13_fire_adjacent_obs_6": {
          "STEP_1": {
            "mean_norm_return": 0.4193181818181818,
            "win_rate": 0.47107438016528924,
            "eval/mean_ep_length": 22.0
          }
        },
        "iql_10_13_fire_adjacent_obs_10": {
          "STEP_1": {
            "mean_norm_return": 0.4193181818181818,
            "win_rate": 0.47107438016528924,
            "eval/mean_ep_length": 22.0
          }
        },
        "iql_10_13_fire_adjacent_obs_13": {
          "STEP_1": {
            "mean_norm_return": 0.4193181818181818,
            "win_rate": 0.47107438016528924,
            "eval/mean_ep_length": 22.0
          }
        }
      },
      "vdn": {
        "vdn_10_13_fire_adjacent_obs_6": {
          "STEP_1": {
            "mean_norm_return": -0.243620867768595,
            "win_rate": 0.5206611570247934,
            "eval/mean_ep_length": 25.0
          }
        },
        "vdn_10_13_fire_adjacent_obs_10": {
          "STEP_1": {
            "mean_norm_return": -0.243620867768595,
            "win_rate": 0.5206611570247934,
            "eval/mean_ep_length": 25.0
          }
        },
        "vdn_10_13_fire_adjacent_obs_13": {
          "STEP_1": {
            "mean_norm_return": -0.243620867768595,
            "win_rate": 0.5206611570247934,
            "eval/mean_ep_length": 25.0
          }
        }
      },
      "qmix": {
        "qmix_10_13_fire_adjacent_obs_6": {
          "STEP_1": {
            "mean_norm_return": -3.0610537190082647,
            "win_rate": 0.07438016528925617,
            "eval/mean_ep_length": 25.0
          }
        },
        "qmix_10_13_fire_adjacent_obs_10": {
          "STEP_1": {
            "mean_norm_return": -3.0610537190082647,
            "win_rate": 0.07438016528925617,
            "eval/mean_ep_length": 25.0
          }
        },
        "qmix_10_13_fire_adjacent_obs_13": {
          "STEP_1": {
            "mean_norm_return": -3.0610537190082647,
            "win_rate": 0.07438016528925617,
            "eval/mean_ep_length": 25.0
          }
        }
      },
      "qmix_ns": {
        "qmix_ns_10_13_fire_adjacent_obs_6": {
          "STEP_1": {
            "mean_norm_return": -2.920557851239669,